state;area (sq. mi)
Alabama;52423
Alaska;656425
Arizona;114006
Arkansas;53182
California;163707
Colorado;104100
Connecticut;5544
Delaware;1954
Florida;65758
Georgia;59441
Hawaii;10932
Idaho;83574
Illinois;57918
Indiana;36420
Iowa;56276
Kansas;82282
Kentucky;40411
Louisiana;51843
Maine;35387
Maryland;12407
Massachusetts;10555
Michigan;96810
Minnesota;86943
Mississippi;48434
Missouri;69709
Montana;147046
Nebraska;77358
Nevada;110567
New Hampshire;9351
New Jersey;8722
New Mexico;121593
New York;54475
North Carolina;53821
North Dakota;70704
Ohio;44828
Oklahoma;69903
Oregon;98386
Pennsylvania;46058
Rhode Island;1545
South Carolina;32007
South Dakota;77121
Tennessee;42146
Texas;268601
Utah;84904
Vermont;9615
Virginia;42769
Washington;71303
West Virginia;24231
Wisconsin;65503
Wyoming;97818
District of Columbia;68
Puerto Rico;3515
